<?xml version="1.0" encoding="UTF-8"?>
<databaseChangeLog
        xmlns="http://www.liquibase.org/xml/ns/dbchangelog"
        xmlns:xsi="http://www.w3.org/2001/XMLSchema-instance"
        xsi:schemaLocation="http://www.liquibase.org/xml/ns/dbchangelog
        http://www.liquibase.org/xml/ns/dbchangelog/dbchangelog-4.20.xsd">

    <changeSet id="001-create-cat-breed-table" author="catapi">
        <createTable tableName="cat_breed">
            <column name="id" type="UUID" defaultValue="uuid_generate_v4()">
                <constraints primaryKey="true" nullable="false"/>
            </column>
            <column name="external_id" type="VARCHAR(50)">
                <constraints nullable="false" unique="true"/>
            </column>
            <column name="name" type="VARCHAR(255)">
                <constraints nullable="false"/>
            </column>
            <column name="origin" type="VARCHAR(255)">
                <constraints nullable="true"/>
            </column>
            <column name="temperament" type="TEXT">
                <constraints nullable="true"/>
            </column>
            <column name="description" type="TEXT">
                <constraints nullable="true"/>
            </column>
            <column name="created_at" type="TIMESTAMP WITH TIME ZONE" defaultValue="NOW()">
                <constraints nullable="false"/>
            </column>
            <column name="updated_at" type="TIMESTAMP WITH TIME ZONE" defaultValue="NOW()">
                <constraints nullable="false"/>
            </column>
        </createTable>

        <rollback>
            <dropTable tableName="cat_breed"/>
        </rollback>
    </changeSet>

</databaseChangeLog>
