<?xml version="1.0" encoding="UTF-8"?>
<databaseChangeLog
        xmlns="http://www.liquibase.org/xml/ns/dbchangelog"
        xmlns:xsi="http://www.w3.org/2001/XMLSchema-instance"
        xsi:schemaLocation="http://www.liquibase.org/xml/ns/dbchangelog
        http://www.liquibase.org/xml/ns/dbchangelog/dbchangelog-4.20.xsd">

    <changeSet id="002-create-cat-image-table" author="catapi">
        <createTable tableName="cat_image">
            <column name="id" type="UUID" defaultValue="uuid_generate_v4()">
                <constraints primaryKey="true" nullable="false"/>
            </column>
            <column name="external_id" type="VARCHAR(50)">
                <constraints nullable="false" unique="true"/>
            </column>
            <column name="url" type="TEXT">
                <constraints nullable="false"/>
            </column>
            <column name="width" type="INTEGER">
                <constraints nullable="true"/>
            </column>
            <column name="height" type="INTEGER">
                <constraints nullable="true"/>
            </column>
            <column name="image_type" type="VARCHAR(20)">
                <constraints nullable="false"/>
            </column>
            <column name="breed_id" type="UUID">
                <constraints nullable="true"/>
            </column>
            <column name="created_at" type="TIMESTAMP WITH TIME ZONE" defaultValue="NOW()">
                <constraints nullable="false"/>
            </column>
        </createTable>

        <addForeignKeyConstraint
                baseTableName="cat_image"
                baseColumnNames="breed_id"
                constraintName="fk_cat_image_breed"
                referencedTableName="cat_breed"
                referencedColumnNames="id"
                onDelete="CASCADE"/>

        <rollback>
            <dropForeignKeyConstraint baseTableName="cat_image" constraintName="fk_cat_image_breed"/>
            <dropTable tableName="cat_image"/>
        </rollback>
    </changeSet>

</databaseChangeLog>
